<?xml version='1.0'?>
<home version='6400' exportFlags='17' name='pieza.sh3d' camera='topCamera' selectedLevel='level-6430a868-c9d1-4ff1-b91b-04ebe2b1c0a4' wallHeight='250.0'>
  <environment groundColor='00A8A8A8' skyColor='00CCE4FC' lightColor='00D0D0D0'/>
  <observerCamera attribute='observerCamera' lens='PINHOLE' x='50.0' y='50.0' z='170.0' yaw='5.4977875' pitch='0.19634955' fieldOfView='1.0995575' time='1667476800000' fixedSize='true'/>
  <camera attribute='topCamera' lens='PINHOLE' x='249.39984' y='149.25235' z='799.5531' yaw='6.2815723' pitch='1.5707964' fieldOfView='1.0995575' time='1667466000080'/>
  <level id='level-461600cc-68b1-442c-bd4a-3be4b33cd7b6' name='Suelo' elevation='0.0' floorThickness='12.0' height='250.0' elevationIndex='0'/>
  <level id='level-c2263821-e45e-4b06-b249-a87210fe6ef3' name='Pared' elevation='0.0' floorThickness='12.0' height='250.0' elevationIndex='1'/>
  <level id='level-6430a868-c9d1-4ff1-b91b-04ebe2b1c0a4' name='Interior' elevation='0.0' floorThickness='12.0' height='250.0' elevationIndex='2'/>
  <pieceOfFurniture level='level-6430a868-c9d1-4ff1-b91b-04ebe2b1c0a4' catalogId='eTeks#bed' name='Cama' creator='eTeks' model='1' x='75.55002' y='101.319046' width='144.6' depth='193.1' height='52.8' modelSize='24868'/>
  <pieceOfFurniture level='level-6430a868-c9d1-4ff1-b91b-04ebe2b1c0a4' catalogId='eTeks#chest' name='Cómoda' creator='eTeks' model='3' x='76.7834' y='269.51907' angle='3.1415925' width='120.0' depth='55.0' height='120.0' modelSize='52875'/>
  <pieceOfFurniture level='level-6430a868-c9d1-4ff1-b91b-04ebe2b1c0a4' catalogId='eTeks#sink' name='Fregadero' creator='eTeks' model='5' x='463.75' y='127.91901' angle='1.5707964' width='120.0' depth='64.0' height='105.700005' modelSize='41849' movable='false'/>
  <pieceOfFurniture level='level-6430a868-c9d1-4ff1-b91b-04ebe2b1c0a4' catalogId='eTeks#fridgeFreezer' name='Combi' creator='eTeks' model='7' x='462.75' y='37.919006' angle='1.5707964' width='60.0' depth='66.0' height='185.0' modelSize='26363'/>
  <pieceOfFurniture level='level-6430a868-c9d1-4ff1-b91b-04ebe2b1c0a4' catalogId='eTeks#cooker' name='Cocina' creator='eTeks' model='9' x='464.75' y='267.01904' angle='1.5707964' width='60.0' depth='62.0' height='85.0' modelSize='42013'/>
  <pieceOfFurniture level='level-6430a868-c9d1-4ff1-b91b-04ebe2b1c0a4' catalogId='eTeks#kitchenCabinet' name='Mueble cocina' creator='eTeks' model='11' x='463.75' y='212.919' angle='1.5707964' width='50.0' depth='64.0' height='85.0' modelSize='11366' movable='false'/>
  <pieceOfFurniture level='level-6430a868-c9d1-4ff1-b91b-04ebe2b1c0a4' catalogId='eTeks#desk' name='Escritorio' creator='eTeks' model='13' x='289.49997' y='38.419044' width='140.0' depth='67.8' height='77.0' modelSize='16760'/>
  <pieceOfFurniture level='level-6430a868-c9d1-4ff1-b91b-04ebe2b1c0a4' catalogId='eTeks#chair2' name='Silla' creator='eTeks' model='15' x='311.8' y='71.53566' angle='3.1415927' width='48.600002' depth='49.9' height='80.0' modelSize='16429'/>
  <pieceOfFurniture level='level-6430a868-c9d1-4ff1-b91b-04ebe2b1c0a4' catalogId='eTeks#flatTV' name='TV Plana' creator='eTeks' model='17' x='74.66667' y='282.01907' elevation='120.0' angle='3.1415925' width='121.0' depth='30.0' height='79.3' modelSize='13041'/>
  <doorOrWindow level='level-c2263821-e45e-4b06-b249-a87210fe6ef3' catalogId='eTeks#garageDoor' name='Puerta de garaje' creator='eTeks' model='19' x='251.16667' y='300.76904' angle='1.7484555E-7' width='200.0' depth='7.50075' height='205.0' modelSize='10637' movable='false' cutOutShape='M0,0 v1 h1 v-1 z' wallCutOutOnBothSides='true'/>
  <doorOrWindow level='level-c2263821-e45e-4b06-b249-a87210fe6ef3' catalogId='eTeks#sliderWindow126x200' name='Ventana corredera' creator='eTeks' model='21' x='370.83337' y='301.74405' elevation='215.0' angle='1.7484555E-7' width='210.0' depth='9.450749' height='80.0' modelSize='7950' movable='false' cutOutShape='M0,0 v1 h1 v-1 z' wallCutOutOnBothSides='true'/>
  <doorOrWindow level='level-6430a868-c9d1-4ff1-b91b-04ebe2b1c0a4' catalogId='eTeks#sliderWindow126x200' name='Ventana corredera' creator='eTeks' model='21' x='132.16669' y='301.74408' elevation='215.0' angle='1.7484555E-7' width='210.0' depth='9.450749' height='80.0' modelSize='7950' movable='false' cutOutShape='M0,0 v1 h1 v-1 z' wallCutOutOnBothSides='true'/>
  <doorOrWindow level='level-6430a868-c9d1-4ff1-b91b-04ebe2b1c0a4' catalogId='eTeks#sliderWindow126x200' name='Ventana corredera' creator='eTeks' model='21' x='500.475' y='151.25232' elevation='100.0' angle='4.712389' width='120.0' depth='9.450749' height='90.0' modelSize='7950' movable='false' cutOutShape='M0,0 v1 h1 v-1 z' wallCutOutOnBothSides='true'/>
  <doorOrWindow level='level-6430a868-c9d1-4ff1-b91b-04ebe2b1c0a4' catalogId='eTeks#sliderWindow126x200' name='Ventana corredera' creator='eTeks' model='21' x='-1.4749844' y='148.58566' elevation='100.0' angle='1.5707964' width='120.0' depth='9.450749' height='90.0' modelSize='7950' movable='false' cutOutShape='M0,0 v1 h1 v-1 z' wallCutOutOnBothSides='true'/>
  <pieceOfFurniture level='level-6430a868-c9d1-4ff1-b91b-04ebe2b1c0a4' catalogId='eTeks#mannequin' name='Maniquí' creator='eTeks' model='23/mannequin.obj' x='221.06653' y='126.269005' width='44.0' depth='52.7' height='175.0' modelSize='133023'/>
  <pieceOfFurniture level='level-6430a868-c9d1-4ff1-b91b-04ebe2b1c0a4' catalogId='eTeks#laptop' name='Portatil' creator='eTeks' model='25' x='312.64984' y='42.269043' elevation='77.0' width='32.5' depth='35.5' height='19.2' modelSize='45826'/>
  <wall id='wall-69b6a9a2-e148-4b03-a2ee-a90cb19b71dc' level='level-c2263821-e45e-4b06-b249-a87210fe6ef3' wallAtEnd='wall-a2c5a495-1ff1-44ea-a1a4-87202a7ff2e9' xStart='-0.49998474' yStart='300.76904' xEnd='-0.49998474' yEnd='0.76904297' height='300.0' heightAtEnd='200.0' thickness='7.5' pattern='hatchUp'>
    <texture attribute='leftSideTexture' name='Ladrillos Rojos Pequeños' creator='eTeks' catalogId='eTeks#smallRedBricks' width='36.2' height='14.9' image='28'/>
    <texture attribute='rightSideTexture' name='Ladrillos Rojos Pequeños' creator='eTeks' catalogId='eTeks#smallRedBricks' width='36.2' height='14.9' image='28'/>
  </wall>
  <wall id='wall-a2c5a495-1ff1-44ea-a1a4-87202a7ff2e9' level='level-c2263821-e45e-4b06-b249-a87210fe6ef3' wallAtStart='wall-69b6a9a2-e148-4b03-a2ee-a90cb19b71dc' wallAtEnd='wall-6e72333d-4329-4f57-ab07-9c8af9e40303' xStart='-0.49998474' yStart='0.76904297' xEnd='499.5' yEnd='0.76904297' height='200.0' thickness='7.5' pattern='hatchUp'>
    <texture attribute='leftSideTexture' name='Ladrillos Rojos Pequeños' creator='eTeks' catalogId='eTeks#smallRedBricks' width='36.2' height='14.9' image='28'/>
    <texture attribute='rightSideTexture' name='Ladrillos Rojos Pequeños' creator='eTeks' catalogId='eTeks#smallRedBricks' width='36.2' height='14.9' image='28'/>
  </wall>
  <wall id='wall-6e72333d-4329-4f57-ab07-9c8af9e40303' level='level-c2263821-e45e-4b06-b249-a87210fe6ef3' wallAtStart='wall-a2c5a495-1ff1-44ea-a1a4-87202a7ff2e9' wallAtEnd='wall-6e091adc-740b-4b45-8025-e56d801b2f0b' xStart='499.5' yStart='0.76904297' xEnd='499.5' yEnd='300.76904' height='200.0' heightAtEnd='300.0' thickness='7.5' pattern='hatchUp'>
    <texture attribute='leftSideTexture' name='Ladrillos Rojos Pequeños' creator='eTeks' catalogId='eTeks#smallRedBricks' width='36.2' height='14.9' image='28'/>
    <texture attribute='rightSideTexture' name='Ladrillos Rojos Pequeños' creator='eTeks' catalogId='eTeks#smallRedBricks' width='36.2' height='14.9' image='28'/>
  </wall>
  <wall id='wall-6e091adc-740b-4b45-8025-e56d801b2f0b' level='level-c2263821-e45e-4b06-b249-a87210fe6ef3' wallAtStart='wall-6e72333d-4329-4f57-ab07-9c8af9e40303' xStart='499.5' yStart='300.76904' xEnd='-0.5' yEnd='300.76907' height='300.0' thickness='7.5' pattern='hatchUp'>
    <texture attribute='leftSideTexture' name='Ladrillos Rojos Pequeños' creator='eTeks' catalogId='eTeks#smallRedBricks' width='36.2' height='14.9' image='28'/>
    <texture attribute='rightSideTexture' name='Ladrillos Rojos Pequeños' creator='eTeks' catalogId='eTeks#smallRedBricks' width='36.2' height='14.9' image='28'/>
  </wall>
  <room id='room-cbf7bb86-c05b-432a-b5a9-65e8f7dd26bb' level='level-c2263821-e45e-4b06-b249-a87210fe6ef3' areaVisible='true' ceilingVisible='false'>
    <texture attribute='floorTexture' name='Azulejos Rojos' creator='eTeks' catalogId='eTeks#redTiles' width='40.0' height='40.0' image='26'/>
    <point x='-0.49998474' y='0.76901245'/>
    <point x='499.49994' y='0.76901245'/>
    <point x='499.49994' y='300.76898'/>
    <point x='-0.49998474' y='300.76904'/>
  </room>
  <room id='room-c66cd4af-aa9a-4558-aa42-112f24b3777c' level='level-461600cc-68b1-442c-bd4a-3be4b33cd7b6' areaVisible='true' ceilingVisible='false'>
    <texture attribute='floorTexture' name='Hierba' creator='eTeks' catalogId='eTeks#grass' width='30.0' height='30.0' image='27'/>
    <point x='-101.60016' y='-100.74768'/>
    <point x='600.39984' y='-100.74768'/>
    <point x='600.39984' y='399.25232'/>
    <point x='-101.60016' y='399.25232'/>
  </room>
</home>