<?xml version='1.0'?>
<home version='7000' exportFlags='17' name='EchoHome2021.sh3d' camera='topCamera' selectedLevel='level5' wallHeight='250.0'>
  <environment groundColor='FFFCFCFC' skyColor='FFFCFCFC' lightColor='00D0D0D0' allLevelsVisible='true'/>
  <observerCamera attribute='observerCamera' lens='PINHOLE' x='783.0741' y='722.15594' z='553.8518' yaw='20.771368' pitch='-0.07420654' fieldOfView='1.0995575' time='1596960000447' fixedSize='true'/>
  <camera attribute='topCamera' lens='PINHOLE' x='1331.9658' y='-348.6231' z='747.4352' yaw='-193.91135' pitch='0.34999996' fieldOfView='1.0995575' time='1596956400972'/>
  <level id='level0' name='Cimentación' elevation='0.0' floorThickness='12.0' height='50.0' elevationIndex='0'/>
  <level id='level1' name='Estructure' elevation='30.000002' floorThickness='1.0' height='250.0' elevationIndex='0'/>
  <level id='level2' name='PrimerPiso' elevation='50.0' floorThickness='12.0' height='250.0' elevationIndex='0'/>
  <level id='level3' name='Dormitorio' elevation='288.0' floorThickness='1.0' height='250.0' elevationIndex='0'/>
  <level id='level4' name='Balcón' elevation='288.00003' floorThickness='1.0' height='250.0' elevationIndex='0'/>
  <level id='level5' name='Techo' elevation='412.0' floorThickness='0.10000001' height='250.0' elevationIndex='0'/>
  <pieceOfFurniture level='level2' catalogId='eTeks#toiletUnit' name='Inodoro' creator='eTeks' model='1' x='198.00342' y='798.38025' width='40.0' depth='70.0' height='62.0' modelSize='125874' movable='false'/>
  <pieceOfFurniture level='level2' catalogId='eTeks#shower' name='Plato de ducha' creator='eTeks' model='5' x='132.07782' y='823.7048' angle='3.1415927' width='70.0' depth='110.00001' height='185.0' modelSize='21504' movable='false'/>
  <pieceOfFurniture level='level2' catalogId='eTeks#fridgeFreezer' name='Combi' creator='eTeks' model='7' x='139.10289' y='732.3799' angle='3.1415927' width='60.0' depth='60.000004' height='170.00002' modelSize='26363'/>
  <pieceOfFurniture level='level3' name='armoireLotus' model='9/armoireLotus.obj' x='126.21254' y='707.4799' angle='4.712389' width='80.0' depth='50.0' height='120.0' modelSize='43407'/>
  <pieceOfFurniture level='level4' catalogId='eTeks#railing' name='Barandilla' creator='eTeks' model='11' x='520.2542' y='403.6864' elevation='5.0' angle='2.3841858E-7' width='114.0' depth='4.0' height='80.0' color='FF242424' modelSize='6781' movable='false'/>
  <pieceOfFurniture level='level4' catalogId='eTeks#railing' name='Barandilla' creator='eTeks' model='11' x='519.96643' y='759.386' elevation='5.0' angle='3.1415927' width='116.0' depth='3.0' height='80.0' color='FF242424' modelSize='6781' movable='false'/>
  <pieceOfFurniture level='level4' catalogId='eTeks#railing' name='Barandilla' creator='eTeks' model='11' x='579.37366' y='474.511' elevation='5.0' angle='1.5707964' width='124.0' depth='4.0' height='80.0' color='FF242424' modelSize='6781' movable='false'/>
  <pieceOfFurniture level='level4' catalogId='eTeks#railing' name='Barandilla' creator='eTeks' model='11' x='579.3738' y='594.511' elevation='5.0' angle='1.5707964' width='116.0' depth='4.0' height='80.0' color='FF242424' modelSize='6781' movable='false'/>
  <pieceOfFurniture level='level3' name='convertible-sofa-BZ-opened' model='15/convertible-sofa-BZ-opened.obj' x='195.44589' y='586.40485' angle='4.712389' width='120.0' depth='190.0' height='50.0' modelSize='282219'/>
  <pieceOfFurniture level='level2' catalogId='eTeks#chair2' name='Silla' creator='eTeks' model='21' x='247.84393' y='639.04865' angle='3.1415927' width='48.600002' depth='49.9' height='80.0' modelSize='16429'/>
  <doorOrWindow level='level3' catalogId='eTeks#roundDoorFrame' name='Marco de ouerta con arco semicircular' creator='eTeks' model='23' x='461.52295' y='581.15717' angle='1.5707964' width='110.00001' depth='1.00075' height='200.0' modelSize='8848' movable='false' cutOutShape='M0,1 v-0.8 a0.5,0.2 0 1,1 1,0 v0.8 z' wallCutOutOnBothSides='true'/>
  <pieceOfFurniture level='level3' catalogId='eTeks#bedsideTable' name='Mesita' creator='eTeks' model='40' x='118.80287' y='498.36096' angle='4.712389' width='38.0' depth='38.0' height='50.0' modelSize='2243'/>
  <pieceOfFurniture level='level4' catalogId='eTeks#railing' name='Barandilla' creator='eTeks' model='11' x='579.96643' y='707.2888' elevation='5.0' angle='1.5707964' width='108.0' depth='4.0' height='80.0' color='FF242424' modelSize='6781' movable='false'/>
  <pieceOfFurniture level='level2' catalogId='eTeks#sofa2' name='Sofá' creator='eTeks' model='42' x='458.41537' y='731.3674' angle='3.1415927' width='120.0' depth='60.0' height='70.0' modelSize='55383'/>
  <pieceOfFurniture level='level3' name='indoor-bike' model='44/indoor-bike.obj' x='272.1682' y='831.77625' angle='4.712389' width='71.84918' depth='101.2435' height='131.33101' modelSize='284301'/>
  <pieceOfFurniture level='level0' catalogId='eTeks#texturableBox' name='Caja' creator='eTeks' model='46/texturableBox.obj' x='99.27786' y='400.38928' width='25.0' depth='25.0' height='30.000002' modelSize='1661'>
    <material name='back'>
      <texture name='concrete1' width='20.0' height='13.322684' scale='10.0' image='47'/>
    </material>
    <material name='bottom'>
      <texture name='concrete1' width='20.0' height='13.322684' scale='10.0' image='47'/>
    </material>
    <material name='front'>
      <texture name='concrete1' width='20.0' height='13.322684' scale='10.0' image='47'/>
    </material>
    <material name='left'>
      <texture name='concrete1' width='20.0' height='13.322684' scale='10.0' image='47'/>
    </material>
    <material name='right'>
      <texture name='concrete1' width='20.0' height='13.322684' scale='10.0' image='47'/>
    </material>
    <material name='top'>
      <texture name='concrete1' width='20.0' height='13.322684' scale='10.0' image='47'/>
    </material>
  </pieceOfFurniture>
  <pieceOfFurniture level='level0' catalogId='eTeks#texturableBox' name='Caja' creator='eTeks' model='46/texturableBox.obj' x='98.833405' y='761.7226' width='25.0' depth='25.0' height='30.000002' modelSize='1661'>
    <material name='back'>
      <texture name='concrete1' width='20.0' height='13.322684' scale='10.0' image='47'/>
    </material>
    <material name='bottom'>
      <texture name='concrete1' width='20.0' height='13.322684' scale='10.0' image='47'/>
    </material>
    <material name='front'>
      <texture name='concrete1' width='20.0' height='13.322684' scale='10.0' image='47'/>
    </material>
    <material name='left'>
      <texture name='concrete1' width='20.0' height='13.322684' scale='10.0' image='47'/>
    </material>
    <material name='right'>
      <texture name='concrete1' width='20.0' height='13.322684' scale='10.0' image='47'/>
    </material>
    <material name='top'>
      <texture name='concrete1' width='20.0' height='13.322684' scale='10.0' image='47'/>
    </material>
  </pieceOfFurniture>
  <pieceOfFurniture level='level0' catalogId='eTeks#texturableBox' name='Caja' creator='eTeks' model='46/texturableBox.obj' x='98.38895' y='579.9448' width='25.0' depth='25.0' height='30.000002' modelSize='1661'>
    <material name='back'>
      <texture name='concrete1' width='20.0' height='13.322684' scale='10.0' image='47'/>
    </material>
    <material name='bottom'>
      <texture name='concrete1' width='20.0' height='13.322684' scale='10.0' image='47'/>
    </material>
    <material name='front'>
      <texture name='concrete1' width='20.0' height='13.322684' scale='10.0' image='47'/>
    </material>
    <material name='left'>
      <texture name='concrete1' width='20.0' height='13.322684' scale='10.0' image='47'/>
    </material>
    <material name='right'>
      <texture name='concrete1' width='20.0' height='13.322684' scale='10.0' image='47'/>
    </material>
    <material name='top'>
      <texture name='concrete1' width='20.0' height='13.322684' scale='10.0' image='47'/>
    </material>
  </pieceOfFurniture>
  <pieceOfFurniture level='level0' catalogId='eTeks#texturableBox' name='Caja' creator='eTeks' model='46/texturableBox.obj' x='340.61118' y='403.50037' width='25.0' depth='25.0' height='30.000002' modelSize='1661'>
    <material name='back'>
      <texture name='concrete1' width='20.0' height='13.322684' scale='10.0' image='47'/>
    </material>
    <material name='bottom'>
      <texture name='concrete1' width='20.0' height='13.322684' scale='10.0' image='47'/>
    </material>
    <material name='front'>
      <texture name='concrete1' width='20.0' height='13.322684' scale='10.0' image='47'/>
    </material>
    <material name='left'>
      <texture name='concrete1' width='20.0' height='13.322684' scale='10.0' image='47'/>
    </material>
    <material name='right'>
      <texture name='concrete1' width='20.0' height='13.322684' scale='10.0' image='47'/>
    </material>
    <material name='top'>
      <texture name='concrete1' width='20.0' height='13.322684' scale='10.0' image='47'/>
    </material>
  </pieceOfFurniture>
  <pieceOfFurniture level='level0' catalogId='eTeks#texturableBox' name='Caja' creator='eTeks' model='46/texturableBox.obj' x='339.7223' y='583.05554' width='25.0' depth='25.0' height='30.000002' modelSize='1661'>
    <material name='back'>
      <texture name='concrete1' width='20.0' height='13.322684' scale='10.0' image='47'/>
    </material>
    <material name='bottom'>
      <texture name='concrete1' width='20.0' height='13.322684' scale='10.0' image='47'/>
    </material>
    <material name='front'>
      <texture name='concrete1' width='20.0' height='13.322684' scale='10.0' image='47'/>
    </material>
    <material name='left'>
      <texture name='concrete1' width='20.0' height='13.322684' scale='10.0' image='47'/>
    </material>
    <material name='right'>
      <texture name='concrete1' width='20.0' height='13.322684' scale='10.0' image='47'/>
    </material>
    <material name='top'>
      <texture name='concrete1' width='20.0' height='13.322684' scale='10.0' image='47'/>
    </material>
  </pieceOfFurniture>
  <pieceOfFurniture level='level0' catalogId='eTeks#texturableBox' name='Caja' creator='eTeks' model='46/texturableBox.obj' x='340.16675' y='764.83325' width='25.0' depth='25.0' height='30.000002' modelSize='1661'>
    <material name='back'>
      <texture name='concrete1' width='20.0' height='13.322684' scale='10.0' image='47'/>
    </material>
    <material name='bottom'>
      <texture name='concrete1' width='20.0' height='13.322684' scale='10.0' image='47'/>
    </material>
    <material name='front'>
      <texture name='concrete1' width='20.0' height='13.322684' scale='10.0' image='47'/>
    </material>
    <material name='left'>
      <texture name='concrete1' width='20.0' height='13.322684' scale='10.0' image='47'/>
    </material>
    <material name='right'>
      <texture name='concrete1' width='20.0' height='13.322684' scale='10.0' image='47'/>
    </material>
    <material name='top'>
      <texture name='concrete1' width='20.0' height='13.322684' scale='10.0' image='47'/>
    </material>
  </pieceOfFurniture>
  <pieceOfFurniture level='level0' catalogId='eTeks#texturableBox' name='Caja' creator='eTeks' model='46/texturableBox.obj' x='571.2779' y='402.167' width='25.0' depth='25.0' height='30.000002' modelSize='1661'>
    <material name='back'>
      <texture name='concrete1' width='20.0' height='13.322684' scale='10.0' image='47'/>
    </material>
    <material name='bottom'>
      <texture name='concrete1' width='20.0' height='13.322684' scale='10.0' image='47'/>
    </material>
    <material name='front'>
      <texture name='concrete1' width='20.0' height='13.322684' scale='10.0' image='47'/>
    </material>
    <material name='left'>
      <texture name='concrete1' width='20.0' height='13.322684' scale='10.0' image='47'/>
    </material>
    <material name='right'>
      <texture name='concrete1' width='20.0' height='13.322684' scale='10.0' image='47'/>
    </material>
    <material name='top'>
      <texture name='concrete1' width='20.0' height='13.322684' scale='10.0' image='47'/>
    </material>
  </pieceOfFurniture>
  <pieceOfFurniture level='level0' catalogId='eTeks#texturableBox' name='Caja' creator='eTeks' model='46/texturableBox.obj' x='570.389' y='581.7224' width='25.0' depth='25.0' height='30.000002' modelSize='1661'>
    <material name='back'>
      <texture name='concrete1' width='20.0' height='13.322684' scale='10.0' image='47'/>
    </material>
    <material name='bottom'>
      <texture name='concrete1' width='20.0' height='13.322684' scale='10.0' image='47'/>
    </material>
    <material name='front'>
      <texture name='concrete1' width='20.0' height='13.322684' scale='10.0' image='47'/>
    </material>
    <material name='left'>
      <texture name='concrete1' width='20.0' height='13.322684' scale='10.0' image='47'/>
    </material>
    <material name='right'>
      <texture name='concrete1' width='20.0' height='13.322684' scale='10.0' image='47'/>
    </material>
    <material name='top'>
      <texture name='concrete1' width='20.0' height='13.322684' scale='10.0' image='47'/>
    </material>
  </pieceOfFurniture>
  <pieceOfFurniture level='level0' catalogId='eTeks#texturableBox' name='Caja' creator='eTeks' model='46/texturableBox.obj' x='570.83344' y='763.5001' width='25.0' depth='25.0' height='30.000002' modelSize='1661'>
    <material name='back'>
      <texture name='concrete1' width='20.0' height='13.322684' scale='10.0' image='47'/>
    </material>
    <material name='bottom'>
      <texture name='concrete1' width='20.0' height='13.322684' scale='10.0' image='47'/>
    </material>
    <material name='front'>
      <texture name='concrete1' width='20.0' height='13.322684' scale='10.0' image='47'/>
    </material>
    <material name='left'>
      <texture name='concrete1' width='20.0' height='13.322684' scale='10.0' image='47'/>
    </material>
    <material name='right'>
      <texture name='concrete1' width='20.0' height='13.322684' scale='10.0' image='47'/>
    </material>
    <material name='top'>
      <texture name='concrete1' width='20.0' height='13.322684' scale='10.0' image='47'/>
    </material>
  </pieceOfFurniture>
  <pieceOfFurniture level='level2' name='kitchenSinkWithMarble' model='49/kitchenSinkWithMarble.obj' x='127.95278' y='553.7046' angle='4.712389' width='50.0' depth='60.000004' height='105.0' modelSize='3988655'/>
  <doorOrWindow level='level3' catalogId='eTeks#fixedWindow85x123' name='Ventana fija' creator='eTeks' model='25' x='397.57812' y='396.4485' elevation='75.0' angle='3.1415927' width='110.0' depth='1.00075' height='115.0' modelSize='2198' movable='false' cutOutShape='M0,0 v1 h1 v-1 z' wallCutOutOnBothSides='true'/>
  <doorOrWindow level='level3' catalogId='eTeks#fixedWindow85x123' name='Ventana fija' creator='eTeks' model='25' x='400.0313' y='768.851' elevation='75.0' angle='6.195492E-5' width='110.0' depth='1.00075' height='115.0' modelSize='2198' movable='false' cutOutShape='M0,0 v1 h1 v-1 z' wallCutOutOnBothSides='true'/>
  <pieceOfFurniture level='level2' catalogId='eTeks#chair2' name='Silla' creator='eTeks' model='21' x='246.94363' y='520.3231' width='48.600002' depth='49.9' height='80.0' modelSize='16429'/>
  <furnitureGroup level='level3' name='Grupo -4-' x='409.80646' y='461.79263' angle='4.712389' width='116.32355' depth='102.43228' height='107.0'>
    <pieceOfFurniture level='level3' name='officeChair3' model='63/officeChair3.obj' x='386.79044' y='455.17087' angle='4.7123938' width='55.9' depth='56.4' height='107.0' color='FF060606' modelSize='453968'/>
    <pieceOfFurniture level='level3' catalogId='eTeks#laptop' name='Portatil' creator='eTeks' model='65' x='432.74063' y='438.28134' elevation='70.0' angle='1.5707976' width='32.5' depth='35.5' height='19.2' modelSize='45826'/>
    <pieceOfFurniture level='level3' catalogId='eTeks#desk' name='Escritorio' creator='eTeks' model='67' x='431.2781' y='458.6309' angle='1.5707976' width='110.0' depth='40.0' height='70.0' modelMirrored='true' modelSize='16760'/>
    <pieceOfFurniture level='level3' catalogId='eTeks#flatTV' name='TV Plana' creator='eTeks' model='69' x='432.7383' y='491.67014' elevation='70.0' angle='2.3561962' width='50.0' depth='30.0' height='30.0' modelSize='13041'/>
  </furnitureGroup>
  <pieceOfFurniture level='level3' catalogId='eTeks#filledBookcase' name='Estantería' creator='eTeks' model='77' x='196.6996' y='382.3345' width='80.0' depth='40.0' height='80.0' modelSize='50961'/>
  <doorOrWindow level='level3' catalogId='eTeks#fixedWindow85x123' name='Ventana fija' creator='eTeks' model='25' x='154.63766' y='886.97974' elevation='75.0' width='110.0' depth='1.00075' height='75.0' modelSize='2198' movable='false' cutOutShape='M0,0 v1 h1 v-1 z' wallCutOutOnBothSides='true'/>
  <doorOrWindow level='level3' catalogId='eTeks#fixedWindow85x123' name='Ventana fija' creator='eTeks' model='25' x='276.01978' y='886.97974' elevation='75.0' width='110.0' depth='1.00075' height='75.0' modelSize='2198' movable='false' cutOutShape='M0,0 v1 h1 v-1 z' wallCutOutOnBothSides='true'/>
  <furnitureGroup level='level3' name='Grupo -2-' x='283.00836' y='383.0882' width='100.0' depth='30.0' height='120.0'>
    <pieceOfFurniture level='level3' catalogId='eTeks#table' name='Mesa rectangular' creator='eTeks' model='59' x='285.09393' y='383.0882' width='80.0' depth='30.0' height='60.0' modelSize='5486'/>
    <pieceOfFurniture level='level3' name='wall-flat-tv' model='79/wall-flat-tv.obj' x='283.00836' y='382.53827' elevation='60.0' width='100.0' depth='10.0' height='60.0' modelSize='39049'/>
  </furnitureGroup>
  <pieceOfFurniture level='level5' name='Roof' model='38/toitureArdoiseRouge.obj' x='215.00002' y='750.0' elevation='20.0' angle='3.1415927' pitch='6.2482786' width='330.0' depth='360.0' depthInPlan='363.5924' height='120.0' heightInPlan='108.50978' modelMirrored='true' color='FF00470D' modelSize='214354'/>
  <pieceOfFurniture level='level5' name='Roof' model='38/toitureArdoiseRouge.obj' x='215.00002' y='410.0' elevation='20.0' pitch='6.2482786' width='330.0' depth='360.0' depthInPlan='363.5924' height='120.0' heightInPlan='108.50978' color='FF00470D' modelSize='214354'/>
  <pieceOfFurniture level='level5' name='Roof' model='38/toitureArdoiseRouge.obj' x='485.0' y='460.0' elevation='45.0' pitch='6.1086526' width='270.0' depth='240.0' depthInPlan='255.31966' height='120.0' heightInPlan='80.30525' color='FF00470D' modelSize='214354'/>
  <pieceOfFurniture level='level5' name='Roof' model='38/toitureArdoiseRouge.obj' x='485.0' y='700.0' elevation='45.0' angle='3.1415927' pitch='6.1086526' width='270.0' depth='240.0' depthInPlan='255.31966' height='120.0' heightInPlan='80.30525' modelMirrored='true' color='FF00470D' modelSize='214354'/>
  <pieceOfFurniture level='level0' catalogId='eTeks#texturableBox' name='Caja' creator='eTeks' model='46/texturableBox.obj' x='98.583405' y='877.9101' width='25.0' depth='25.0' height='30.0' modelSize='1661'>
    <material name='back'>
      <texture name='concrete1' width='20.0' height='13.322684' scale='10.0' image='47'/>
    </material>
    <material name='bottom'>
      <texture name='concrete1' width='20.0' height='13.322684' scale='10.0' image='47'/>
    </material>
    <material name='front'>
      <texture name='concrete1' width='20.0' height='13.322684' scale='10.0' image='47'/>
    </material>
    <material name='left'>
      <texture name='concrete1' width='20.0' height='13.322684' scale='10.0' image='47'/>
    </material>
    <material name='right'>
      <texture name='concrete1' width='20.0' height='13.322684' scale='10.0' image='47'/>
    </material>
    <material name='top'>
      <texture name='concrete1' width='20.0' height='13.322684' scale='10.0' image='47'/>
    </material>
  </pieceOfFurniture>
  <pieceOfFurniture level='level0' catalogId='eTeks#texturableBox' name='Caja' creator='eTeks' model='46/texturableBox.obj' x='339.91675' y='881.02075' width='25.0' depth='25.0' height='30.0' modelSize='1661'>
    <material name='back'>
      <texture name='concrete1' width='20.0' height='13.322684' scale='10.0' image='47'/>
    </material>
    <material name='bottom'>
      <texture name='concrete1' width='20.0' height='13.322684' scale='10.0' image='47'/>
    </material>
    <material name='front'>
      <texture name='concrete1' width='20.0' height='13.322684' scale='10.0' image='47'/>
    </material>
    <material name='left'>
      <texture name='concrete1' width='20.0' height='13.322684' scale='10.0' image='47'/>
    </material>
    <material name='right'>
      <texture name='concrete1' width='20.0' height='13.322684' scale='10.0' image='47'/>
    </material>
    <material name='top'>
      <texture name='concrete1' width='20.0' height='13.322684' scale='10.0' image='47'/>
    </material>
  </pieceOfFurniture>
  <pieceOfFurniture level='level0' catalogId='eTeks#texturableBox' name='Caja' creator='eTeks' model='46/texturableBox.obj' x='97.0029' y='277.62677' width='25.0' depth='25.0' height='30.0' modelSize='1661'>
    <material name='back'>
      <texture name='concrete1' width='20.0' height='13.322684' scale='10.0' image='47'/>
    </material>
    <material name='bottom'>
      <texture name='concrete1' width='20.0' height='13.322684' scale='10.0' image='47'/>
    </material>
    <material name='front'>
      <texture name='concrete1' width='20.0' height='13.322684' scale='10.0' image='47'/>
    </material>
    <material name='left'>
      <texture name='concrete1' width='20.0' height='13.322684' scale='10.0' image='47'/>
    </material>
    <material name='right'>
      <texture name='concrete1' width='20.0' height='13.322684' scale='10.0' image='47'/>
    </material>
    <material name='top'>
      <texture name='concrete1' width='20.0' height='13.322684' scale='10.0' image='47'/>
    </material>
  </pieceOfFurniture>
  <pieceOfFurniture level='level0' catalogId='eTeks#texturableBox' name='Caja' creator='eTeks' model='46/texturableBox.obj' x='338.3362' y='278.71283' width='25.0' depth='25.0' height='30.0' modelSize='1661'>
    <material name='back'>
      <texture name='concrete1' width='20.0' height='13.322684' scale='10.0' image='47'/>
    </material>
    <material name='bottom'>
      <texture name='concrete1' width='20.0' height='13.322684' scale='10.0' image='47'/>
    </material>
    <material name='front'>
      <texture name='concrete1' width='20.0' height='13.322684' scale='10.0' image='47'/>
    </material>
    <material name='left'>
      <texture name='concrete1' width='20.0' height='13.322684' scale='10.0' image='47'/>
    </material>
    <material name='right'>
      <texture name='concrete1' width='20.0' height='13.322684' scale='10.0' image='47'/>
    </material>
    <material name='top'>
      <texture name='concrete1' width='20.0' height='13.322684' scale='10.0' image='47'/>
    </material>
  </pieceOfFurniture>
  <doorOrWindow level='level3' catalogId='eTeks#fixedWindow85x123' name='Ventana fija' creator='eTeks' model='25' x='156.1127' y='277.35486' elevation='75.0' angle='3.1415927' width='110.0' depth='1.00075' height='75.0' modelSize='2198' movable='false' cutOutShape='M0,0 v1 h1 v-1 z' wallCutOutOnBothSides='true'/>
  <doorOrWindow level='level3' catalogId='eTeks#fixedWindow85x123' name='Ventana fija' creator='eTeks' model='25' x='274.04474' y='277.35486' elevation='75.0' angle='3.1415927' width='110.0' depth='1.00075' height='75.0' modelSize='2198' movable='false' cutOutShape='M0,0 v1 h1 v-1 z' wallCutOutOnBothSides='true'/>
  <doorOrWindow level='level3' catalogId='eTeks#fixedWindow85x123' name='Ventana fija' creator='eTeks' model='25' x='338.72784' y='827.47974' elevation='65.0' angle='4.712389' width='110.0' depth='1.00075' height='90.0' modelSize='2198' movable='false' cutOutShape='M0,0 v1 h1 v-1 z' wallCutOutOnBothSides='true'/>
  <doorOrWindow level='level3' catalogId='eTeks#fixedWindow85x123' name='Ventana fija' creator='eTeks' model='25' x='338.47784' y='338.00464' elevation='65.0' angle='4.712389' width='110.0' depth='1.00075' height='90.0' modelSize='2198' movable='false' cutOutShape='M0,0 v1 h1 v-1 z' wallCutOutOnBothSides='true'/>
  <pieceOfFurniture level='level2' name='2DoorLowerCabinet' model='61/2DoorLowerCabinet.obj' x='126.94031' y='388.96713' angle='4.712389' width='60.0' depth='60.0' height='80.0' modelSize='673904'/>
  <pieceOfFurniture level='level2' name='2DoorUpperCabinet' model='51/2DoorUpperCabinet.obj' x='111.94031' y='388.0796' elevation='160.0' angle='4.712389' width='60.0' depth='30.0' height='60.0' modelSize='351054'/>
  <furnitureGroup level='level2' name='Grupo -3-' x='238.12244' y='322.33447' width='179.99992' depth='80.00006' height='330.0' movable='false'>
    <pieceOfFurniture level='level2' catalogId='eTeks#railing' name='Barandilla' creator='eTeks' model='11' x='244.94473' y='360.2831' elevation='243.0' angle='1.4305115E-6' width='162.52582' depth='4.102574' height='70.0' modelSize='6781' movable='false'/>
    <pieceOfFurniture level='level2' catalogId='eTeks#railing' name='Barandilla' creator='eTeks' model='11' x='243.91495' y='283.87302' elevation='243.0' angle='1.4305115E-6' width='163.62396' depth='3.0769303' height='70.0' modelSize='6781' movable='false'/>
    <pieceOfFurniture level='level2' catalogId='eTeks#railing' name='Barandilla' creator='eTeks' model='11' x='327.85815' y='319.94876' elevation='243.0' angle='4.712389' width='74.8719' depth='0.5284933' height='70.0' modelSize='6781' movable='false'/>
    <furnitureGroup level='level2' name='Grupo -1-' x='230.48349' y='322.33453' angle='4.712389' width='71.79471' depth='164.722' height='330.0' movable='false'>
      <pieceOfFurniture level='level2' catalogId='eTeks#staircase' name='Escalera' creator='eTeks' model='83' x='230.61862' y='322.85532' angle='4.712389' width='70.75314' depth='164.45175' height='330.0' modelMirrored='true' modelSize='13928' movable='false' staircaseCutOutShape='M0,0 v1 h1 v-1 z'/>
      <pieceOfFurniture level='level2' catalogId='eTeks#staircase' name='Escalera' creator='eTeks' model='83' x='230.34836' y='321.81375' angle='4.712389' width='70.75314' depth='164.45175' height='330.0' modelSize='13928' movable='false' staircaseCutOutShape='M0,0 v1 h1 v-1 z'/>
    </furnitureGroup>
  </furnitureGroup>
  <pieceOfFurniture level='level0' name='outdoor_staircase' model='89/outdoor_staircase.obj' x='523.4155' y='346.19186' angle='3.1415927' width='100.0' depth='100.0' height='80.0' modelSize='214113'/>
  <doorOrWindow level='level2' catalogId='eTeks#fixedWindow85x123' name='Ventana fija' creator='eTeks' model='25' x='519.45294' y='396.69226' width='115.0' depth='1.00075' height='235.0' modelSize='2198' movable='false' cutOutShape='M0,0 v1 h1 v-1 z' wallCutOutOnBothSides='true'/>
  <doorOrWindow level='level2' catalogId='eTeks#fixedWindow85x123' name='Ventana fija' creator='eTeks' model='25' x='519.26544' y='768.4424' elevation='80.0' angle='3.1415927' width='115.0' depth='1.00075' height='150.0' modelSize='2198' movable='false' cutOutShape='M0,0 v1 h1 v-1 z' wallCutOutOnBothSides='true'/>
  <doorOrWindow level='level2' catalogId='eTeks#fixedWindow85x123' name='Ventana fija' creator='eTeks' model='25' x='580.8154' y='702.29846' elevation='80.0' angle='1.5707964' width='115.0' depth='1.0' height='150.0' modelSize='2198' movable='false' cutOutShape='M0,0 v1 h1 v-1 z' wallCutOutOnBothSides='true'/>
  <doorOrWindow level='level2' catalogId='eTeks#fixedWindow85x123' name='Ventana fija' creator='eTeks' model='25' x='580.3155' y='462.44843' elevation='80.0' angle='1.5707964' width='115.0' depth='1.0' height='150.0' modelSize='2198' movable='false' cutOutShape='M0,0 v1 h1 v-1 z' wallCutOutOnBothSides='true'/>
  <pieceOfFurniture level='level2' name='wall-flat-tv' model='79/wall-flat-tv.obj' x='558.0653' y='584.3505' elevation='120.00001' angle='1.5707964' width='100.0' depth='10.0' height='60.0' modelSize='39049'/>
  <doorOrWindow level='level2' catalogId='eTeks#fixedWindow85x123' name='Ventana fija' creator='eTeks' model='25' x='306.65292' y='277.39212' elevation='120.00001' width='50.0' depth='1.00075' height='115.0' modelSize='2198' movable='false' cutOutShape='M0,0 v1 h1 v-1 z' wallCutOutOnBothSides='true'/>
  <pieceOfFurniture level='level2' name='kitchenIsland' model='95/kitchenIsland.obj' x='245.54364' y='581.54254' angle='3.1415927' width='80.0' depth='120.0' height='80.0' modelSize='4739929'/>
  <pieceOfFurniture level='level2' name='fireplace2' model='97/fireplace2.obj' x='556.12555' y='584.40234' angle='1.5707964' width='121.03639' depth='44.929672' height='235.0' modelSize='285078'/>
  <doorOrWindow level='level2' catalogId='eTeks#fixedWindow85x123' name='Ventana fija' creator='eTeks' model='25' x='338.2903' y='337.09967' elevation='120.00001' angle='1.5707964' width='115.0' depth='1.00075' height='115.0' modelSize='2198' movable='false' cutOutShape='M0,0 v1 h1 v-1 z' wallCutOutOnBothSides='true'/>
  <pieceOfFurniture level='level2' name='2DoorUpperCabinet' model='51/2DoorUpperCabinet.obj' x='111.51535' y='498.7046' elevation='160.0' angle='4.712389' width='60.0' depth='30.0' height='60.0' modelSize='351054'/>
  <pieceOfFurniture level='level2' name='2DoorLowerCabinet' model='61/2DoorLowerCabinet.obj' x='126.95296' y='498.7046' angle='4.712389' width='60.0' depth='60.0' height='80.0' modelSize='673904'/>
  <pieceOfFurniture level='level0' name='picnic_table' model='99/picnic_table.obj' x='250.01059' y='124.752594' width='140.0' depth='112.9' height='58.3' modelSize='46079'/>
  <pieceOfFurniture level='level0' name='Toldo' model='101/barnum.obj' x='247.47797' y='110.36893' width='300.0' depth='300.0' height='300.0' color='FF5E5600' modelSize='41067'/>
  <doorOrWindow level='level3' catalogId='eTeks#fixedWindow85x123' name='Ventana fija' creator='eTeks' model='25' x='461.52295' y='465.1879' elevation='75.0' angle='1.5707964' width='110.0' depth='1.00075' height='115.0' modelSize='2198' movable='false' cutOutShape='M0,0 v1 h1 v-1 z' wallCutOutOnBothSides='true'/>
  <doorOrWindow level='level3' catalogId='eTeks#fixedWindow85x123' name='Ventana fija' creator='eTeks' model='25' x='461.62543' y='701.7504' elevation='75.0' angle='1.5707964' width='110.0' depth='1.00075' height='115.0' modelSize='2198' movable='false' cutOutShape='M0,0 v1 h1 v-1 z' wallCutOutOnBothSides='true'/>
  <pieceOfFurniture level='level5' name='solar_panel_140W' model='109/solar_panel_140W.obj' x='566.94037' y='504.33673' elevation='100.0' pitch='0.2617994' width='50.0' depth='80.0' depthInPlan='78.076385' height='3.5' heightInPlan='23.91328' modelSize='9843'/>
  <pieceOfFurniture level='level5' name='solar_panel_140W' model='109/solar_panel_140W.obj' x='486.7027' y='503.07434' elevation='100.0' pitch='0.2617994' width='50.0' depth='80.0' depthInPlan='78.076385' height='3.5' heightInPlan='23.91328' modelSize='9843'/>
  <pieceOfFurniture level='level3' name='modernArmchair' model='73/modernArmchair.obj' x='507.39856' y='700.3615' angle='4.712389' width='60.3' depth='66.2286' height='67.47668' modelSize='1070690'/>
  <pieceOfFurniture level='level4' catalogId='eTeks#table' name='Mesa rectangular' creator='eTeks' model='59' x='519.44055' y='449.3599' width='60.000004' depth='60.000004' height='70.0' modelSize='5486'/>
  <pieceOfFurniture level='level0' name='dog-house' model='111/dog-house.obj' x='138.01685' y='-8.606079' angle='4.712389' width='60.100002' depth='75.544685' height='60.35181' modelSize='76144'/>
  <pieceOfFurniture level='level0' name='jacuzzi' model='117/jacuzzi.obj' x='219.76123' y='950.50006' angle='1.5707964' width='130.0' depth='200.0' height='50.0' color='FF353535' modelSize='445631'/>
  <doorOrWindow level='level2' catalogId='eTeks#fixedWindow85x123' name='Ventana fija' creator='eTeks' model='25' x='194.17798' y='886.9796' angle='3.1415927' width='50.0' depth='1.00075' height='190.0' modelSize='2198' movable='false' cutOutShape='M0,0 v1 h1 v-1 z' wallCutOutOnBothSides='true'/>
  <pieceOfFurniture level='level1' name='mediumIndoorPlant' model='119/mediumIndoorPlant.obj' x='108.17665' y='992.97833' width='72.6' depth='76.5' height='67.3' modelSize='3257234'/>
  <pieceOfFurniture level='level1' name='mediumIndoorPlant' model='119/mediumIndoorPlant.obj' x='330.67664' y='993.741' width='72.6' depth='76.5' height='67.3' modelSize='3257234'/>
  <pieceOfFurniture level='level1' name='mediumIndoorPlant' model='119/mediumIndoorPlant.obj' x='330.92664' y='909.9533' width='72.6' depth='76.5' height='67.3' modelSize='3257234'/>
  <pieceOfFurniture level='level1' name='mediumIndoorPlant' model='119/mediumIndoorPlant.obj' x='109.18916' y='906.91583' width='72.6' depth='76.5' height='67.3' modelSize='3257234'/>
  <doorOrWindow level='level2' catalogId='eTeks#fixedWindow85x123' name='Ventana fija' creator='eTeks' model='25' x='123.14041' y='277.39212' elevation='120.0' angle='3.1415927' width='50.0' depth='1.00075' height='115.0' modelSize='2198' movable='false' cutOutShape='M0,0 v1 h1 v-1 z' wallCutOutOnBothSides='true'/>
  <pieceOfFurniture level='level2' name='bathroom_vanity' model='121/bathroom_vanity.obj' x='318.67914' y='825.19867' angle='1.5707964' width='107.092896' depth='38.497345' height='180.0' modelSize='1240583'/>
  <pieceOfFurniture level='level5' name='solar_panel_140W' model='109/solar_panel_140W.obj' x='405.64795' y='502.82434' elevation='100.0' pitch='0.2617994' width='50.0' depth='80.0' depthInPlan='78.076385' height='3.5' heightInPlan='23.91328' modelSize='9843'/>
  <pieceOfFurniture level='level1' name='EchoHome2020_Structure' model='123/EchoHome2020_Structure.obj' x='336.5' y='582.29834' angle='1.5707964' width='708.41' depth='537.9984' height='493.57156' color='FF1A1A1A' modelRotation='1 0 0 0 0 1 0 -1 0' modelSize='395741'/>
  <pieceOfFurniture level='level3' name='guitar' model='127/guitar.obj' x='105.33778' y='827.49225' angle='1.5707964' width='38.600002' depth='5.2000003' height='97.6' modelRotation='1 0 0 0 0 -1 0 1 0' modelSize='147251'/>
  <doorOrWindow level='level2' catalogId='eTeks#fixedWindow85x123' name='Ventana fija' creator='eTeks' model='25' x='338.4278' y='827.84845' elevation='190.0' angle='4.712389' width='115.0' depth='1.00075' height='40.0' modelSize='2198' movable='false' cutOutShape='M0,0 v1 h1 v-1 z' wallCutOutOnBothSides='true'/>
  <doorOrWindow level='level2' catalogId='eTeks#fixedWindow85x123' name='Ventana fija' creator='eTeks' model='25' x='160.75967' y='886.9796' elevation='190.0' angle='3.1415927' width='115.0' depth='1.00075' height='40.0' modelSize='2198' movable='false' cutOutShape='M0,0 v1 h1 v-1 z' wallCutOutOnBothSides='true'/>
  <doorOrWindow level='level2' catalogId='eTeks#openDoor' name='Puerta abierta' creator='eTeks' model='129' x='262.4' y='796.4693' width='80.0' depth='81.04306' height='200.0' modelSize='14055' movable='false' cutOutShape='M0,0 v1 h1 v-1 z' wallCutOutOnBothSides='true'>
    <transformation name='sweethome3d_hinge_1' matrix='0.7223849 0 -0.69106424 -0.094334066 0 1 0 0 0.6919184 0 0.7223849 0.292375'/>
  </doorOrWindow>
  <pieceOfFurniture level='level2' name='2DoorLowerCabinet' model='61/2DoorLowerCabinet.obj' x='125.677795' y='608.7046' angle='4.712389' width='60.0' depth='60.0' height='80.0' modelSize='673904'/>
  <pieceOfFurniture level='level2' name='2DoorUpperCabinet' model='51/2DoorUpperCabinet.obj' x='111.26532' y='608.5796' elevation='160.0' angle='4.712389' width='60.0' depth='30.0' height='60.0' modelSize='351054'/>
  <pieceOfFurniture level='level2' catalogId='eTeks#cooker' name='Cocina' creator='eTeks' model='131' x='125.540375' y='444.2046' angle='4.712389' width='49.0' depth='58.0' height='85.0' modelSize='42013'/>
  <pieceOfFurniture level='level2' name='2DoorUpperCabinet' model='51/2DoorUpperCabinet.obj' x='111.26532' y='443.7046' elevation='160.0' angle='4.712389' width='50.0' depth='30.0' height='60.0' modelSize='351054'/>
  <pieceOfFurniture level='level2' name='2DoorUpperCabinet' model='51/2DoorUpperCabinet.obj' x='111.01532' y='553.7046' elevation='160.0' angle='4.712389' width='50.0' depth='30.0' height='60.0' modelSize='351054'/>
  <pieceOfFurniture level='level2' catalogId='eTeks#sofa2' name='Sofá' creator='eTeks' model='42' x='368.41537' y='702.3799' angle='4.712389' width='120.0' depth='60.0' height='70.0' modelSize='55383'/>
  <pieceOfFurniture level='level2' catalogId='eTeks#sofa2' name='Sofá' creator='eTeks' model='42' x='408.6653' y='433.81738' width='120.0' depth='60.0' height='70.0' modelSize='55383'/>
  <wall id='wall0' level='level4' xStart='461.62543' yStart='762.72345' xEnd='461.62543' yEnd='581.4395' height='190.0' heightAtEnd='235.0' thickness='1.0' pattern='hatchUp'>
    <texture attribute='leftSideTexture' name='osb' width='180.17595' height='120.00001' scale='0.75' image='133'/>
    <texture attribute='rightSideTexture' name='osb' width='180.17595' height='120.00001' scale='0.75' image='133'/>
  </wall>
  <wall id='wall1' level='level4' xStart='90.852875' yStart='761.5596' xEnd='90.852875' yEnd='581.5596' height='190.0' heightAtEnd='235.0' thickness='1.0' pattern='hatchUp'>
    <texture attribute='leftSideTexture' name='osb' width='180.17595' height='120.00001' scale='0.75' image='133'/>
    <texture attribute='rightSideTexture' name='osb' width='180.17595' height='120.00001' scale='0.75' image='133'/>
  </wall>
  <wall id='wall2' level='level4' xStart='91.13339' yStart='401.2633' xEnd='91.13339' yEnd='581.2633' height='190.0' heightAtEnd='235.0' thickness='1.0' pattern='hatchUp'>
    <texture attribute='leftSideTexture' name='osb' width='180.17595' height='120.00001' scale='0.75' image='133'/>
    <texture attribute='rightSideTexture' name='osb' width='180.17595' height='120.00001' scale='0.75' image='133'/>
  </wall>
  <wall id='wall3' level='level4' xStart='461.52295' yStart='403.21722' xEnd='461.52295' yEnd='583.2172' height='190.0' heightAtEnd='235.0' thickness='1.0' pattern='hatchUp'>
    <texture attribute='leftSideTexture' name='osb' width='180.17595' height='120.00001' scale='0.75' image='133'/>
    <texture attribute='rightSideTexture' name='osb' width='180.17595' height='120.00001' scale='0.75' image='133'/>
  </wall>
  <wall id='wall4' level='level2' xStart='90.977875' yStart='402.7483' xEnd='90.977875' yEnd='762.7483' height='240.00002' thickness='1.0' pattern='hatchUp'>
    <texture attribute='leftSideTexture' name='osb' width='180.17595' height='120.00001' scale='0.75' image='133'/>
    <texture attribute='rightSideTexture' name='osb' width='180.17595' height='120.00001' scale='0.75' image='133'/>
  </wall>
  <wall id='wall5' level='level3' xStart='339.5251' yStart='396.4485' xEnd='457.96918' yEnd='396.4485' height='190.0' thickness='1.0' pattern='hatchUp'>
    <texture attribute='leftSideTexture' name='osb' width='180.17595' height='120.00001' scale='0.75' image='133'/>
    <texture attribute='rightSideTexture' name='osb' width='180.17595' height='120.00001' scale='0.75' image='133'/>
  </wall>
  <wall id='wall6' level='level3' xStart='460.06915' yStart='768.85474' xEnd='340.86548' yEnd='768.84735' height='190.0' thickness='1.0' pattern='hatchUp'>
    <texture attribute='leftSideTexture' name='osb' width='180.17595' height='120.00001' image='133'/>
    <texture attribute='rightSideTexture' name='osb' width='180.17595' height='120.00001' scale='0.75' image='133'/>
  </wall>
  <wall id='wall7' level='level2' xStart='97.525024' yStart='762.8799' xEnd='337.52505' yEnd='762.8799' height='240.00002' thickness='1.0' pattern='hatchUp'>
    <texture attribute='leftSideTexture' name='osb' width='180.17595' height='120.00001' scale='0.5' image='133'/>
    <texture attribute='rightSideTexture' name='osb' width='180.17595' height='120.00001' image='133'/>
  </wall>
  <wall id='wall8' level='level2' xStart='91.51532' yStart='763.0862' xEnd='91.51531' yEnd='883.0862' height='235.0' thickness='1.0' pattern='hatchUp'>
    <texture attribute='leftSideTexture' name='osb' width='180.17595' height='120.00001' scale='0.75' image='133'/>
    <texture attribute='rightSideTexture' name='osb' width='180.17595' height='120.00001' scale='0.75' image='133'/>
  </wall>
  <wall id='wall9' level='level2' xStart='95.26253' yStart='886.9796' xEnd='335.26254' yEnd='886.9796' height='235.0' thickness='1.0' pattern='hatchUp'>
    <texture attribute='leftSideTexture' name='osb' width='180.17595' height='120.00001' scale='0.5' image='133'/>
    <texture attribute='rightSideTexture' name='osb' width='180.17595' height='120.00001' image='133'/>
  </wall>
  <wall id='wall10' level='level2' xStart='338.4278' yStart='767.8235' xEnd='338.4278' yEnd='887.3235' height='235.0' thickness='1.0' pattern='hatchUp'>
    <texture attribute='leftSideTexture' name='osb' width='180.17595' height='120.00001' scale='0.75' image='133'/>
    <texture attribute='rightSideTexture' name='osb' width='180.17595' height='120.00001' scale='0.75' image='133'/>
  </wall>
  <wall id='wall11' level='level2' xStart='91.37781' yStart='281.8986' xEnd='91.3778' yEnd='401.8986' height='235.0' thickness='1.0' pattern='hatchUp'>
    <texture attribute='leftSideTexture' name='osb' width='180.17595' height='120.00001' scale='0.75' image='133'/>
    <texture attribute='rightSideTexture' name='osb' width='180.17595' height='120.00001' scale='0.75' image='133'/>
  </wall>
  <wall id='wall12' level='level2' xStart='338.2903' yStart='277.33615' xEnd='338.2903' yEnd='397.33615' height='235.0' thickness='1.0' pattern='hatchUp'>
    <texture attribute='leftSideTexture' name='osb' width='180.17595' height='120.00001' scale='0.75' image='133'/>
    <texture attribute='rightSideTexture' name='osb' width='180.17595' height='120.00001' scale='0.75' image='133'/>
  </wall>
  <wall id='wall13' level='level2' xStart='93.250015' yStart='277.39212' xEnd='333.25003' yEnd='277.39212' height='235.0' thickness='1.0' pattern='hatchUp'>
    <texture attribute='leftSideTexture' name='osb' width='180.17595' height='120.00001' scale='0.5' image='133'/>
    <texture attribute='rightSideTexture' name='osb' width='180.17595' height='120.00001' image='133'/>
  </wall>
  <wall id='wall14' level='level3' xStart='90.91528' yStart='762.78613' xEnd='90.915276' yEnd='882.78613' height='190.0' heightAtEnd='160.0' thickness='1.0' pattern='hatchUp'>
    <texture attribute='leftSideTexture' name='osb' width='180.17595' height='120.00001' scale='0.75' image='133'/>
    <texture attribute='rightSideTexture' name='osb' width='180.17595' height='120.00001' scale='0.75' image='133'/>
  </wall>
  <wall id='wall15' level='level3' xStart='95.562546' yStart='886.97974' xEnd='336.02783' yEnd='886.97974' height='160.0' thickness='1.0' pattern='hatchUp'>
    <texture attribute='leftSideTexture' name='osb' width='180.17595' height='120.00001' scale='0.5' image='133'/>
    <texture attribute='rightSideTexture' name='osb' width='180.17595' height='120.00001' image='133'/>
  </wall>
  <wall id='wall16' level='level3' xStart='338.72784' yStart='768.12366' xEnd='338.72784' yEnd='888.12366' height='190.0' heightAtEnd='160.0' thickness='1.0' pattern='hatchUp'>
    <texture attribute='leftSideTexture' name='osb' width='180.17595' height='120.00001' scale='0.75' image='133'/>
    <texture attribute='rightSideTexture' name='osb' width='180.17595' height='120.00001' scale='0.75' image='133'/>
  </wall>
  <wall id='wall17' level='level3' xStart='94.112595' yStart='277.35486' xEnd='334.57788' yEnd='277.35486' height='160.0' thickness='1.0' pattern='hatchUp'>
    <texture attribute='leftSideTexture' name='osb' width='180.17595' height='120.00001' scale='0.5' image='133'/>
    <texture attribute='rightSideTexture' name='osb' width='180.17595' height='120.00001' image='133'/>
  </wall>
  <wall id='wall18' level='level3' xStart='338.47784' yStart='277.59875' xEnd='338.47784' yEnd='397.59875' height='160.0' heightAtEnd='190.0' thickness='1.0' pattern='hatchUp'>
    <texture attribute='leftSideTexture' name='osb' width='180.17595' height='120.00001' scale='0.75' image='133'/>
    <texture attribute='rightSideTexture' name='osb' width='180.17595' height='120.00001' scale='0.75' image='133'/>
  </wall>
  <wall id='wall19' level='level3' xStart='90.96533' yStart='281.56122' xEnd='90.965324' yEnd='402.74847' height='160.0' heightAtEnd='190.0' thickness='1.0' pattern='hatchUp'>
    <texture attribute='leftSideTexture' name='osb' width='180.17595' height='120.00001' scale='0.75' image='133'/>
    <texture attribute='rightSideTexture' name='osb' width='180.17595' height='120.00001' scale='0.75' image='133'/>
  </wall>
  <wall id='wall20' level='level2' xStart='580.8905' yStart='401.43613' xEnd='580.8905' yEnd='761.4361' height='235.0' thickness='1.0' pattern='hatchUp'>
    <texture attribute='leftSideTexture' name='osb' width='180.17595' height='120.00001' scale='0.75' image='133'/>
    <texture attribute='rightSideTexture' name='osb' width='180.17595' height='120.00001' scale='0.75' image='133'/>
  </wall>
  <wall id='wall21' level='level2' xStart='339.45007' yStart='396.69226' xEnd='579.4501' yEnd='396.69226' height='235.0' thickness='1.0' pattern='hatchUp'>
    <texture attribute='leftSideTexture' name='osb' width='180.17595' height='120.00001' scale='0.5' image='133'/>
    <texture attribute='rightSideTexture' name='osb' width='180.17595' height='120.00001' image='133'/>
  </wall>
  <wall id='wall22' level='level2' xStart='340.55017' yStart='768.4424' xEnd='580.5502' yEnd='768.4424' height='235.0' thickness='1.0' pattern='hatchUp'>
    <texture attribute='leftSideTexture' name='osb' width='180.17595' height='120.00001' scale='0.5' image='133'/>
    <texture attribute='rightSideTexture' name='osb' width='180.17595' height='120.00001' image='133'/>
  </wall>
  <wall id='wall24' level='level0' xStart='70.00281' yStart='879.2736' xEnd='70.00279' yEnd='1029.2739' height='235.0' thickness='1.0' pattern='hatchUp'>
    <texture attribute='leftSideTexture' name='BambuVertical' width='200.0' height='112.46007' scale='0.75' image='135'/>
    <texture attribute='rightSideTexture' name='BambuVertical' width='200.0' height='112.46007' scale='0.75' image='135'/>
  </wall>
  <wall id='wall25' level='level0' xStart='70.71254' yStart='1031.5172' xEnd='370.71255' yEnd='1031.5172' height='235.0' thickness='1.0' pattern='hatchUp'>
    <texture attribute='leftSideTexture' name='BambuHorizontal' width='200.0' height='125.070404' scale='0.5' image='136'/>
    <texture attribute='rightSideTexture' name='BambuHorizontal' width='200.0' height='125.070404' image='136'/>
  </wall>
  <room id='room-a7cb018d-6830-4dcf-b353-81d55fd3e819' level='level0' areaVisible='true' ceilingVisible='false'>
    <texture attribute='floorTexture' name='Guijarros' creator='eTeks' catalogId='eTeks#pebbles' width='20.0' height='20.0' image='132'/>
    <point x='94.16678' y='401.94482'/>
    <point x='574.16675' y='401.94482'/>
    <point x='574.16675' y='761.94476'/>
    <point x='94.16678' y='761.94476'/>
  </room>
  <room id='room-4b8d7f88-8c52-47af-884a-b224d2711421' level='level0' areaVisible='true' ceilingVisible='false'>
    <texture attribute='floorTexture' name='Guijarros' creator='eTeks' width='20.0' height='20.0' image='132'/>
    <point x='95.15001' y='762.74677'/>
    <point x='335.15002' y='762.74677'/>
    <point x='335.15002' y='882.74677'/>
    <point x='95.15001' y='882.74677'/>
  </room>
  <room id='room-00d78ead-6453-4b64-a2e7-5f0b30cdc69a' level='level2' areaVisible='true' ceilingVisible='false'>
    <texture attribute='floorTexture' name='osb' width='180.17595' height='120.00001' image='133'/>
    <point x='95.15001' y='762.74677'/>
    <point x='335.15002' y='762.74677'/>
    <point x='335.15002' y='882.74677'/>
    <point x='95.15001' y='882.74677'/>
  </room>
  <room id='room-5de2cf2f-7e03-46ad-899e-ff306c176acd' level='level0' areaVisible='true' ceilingVisible='false'>
    <texture attribute='floorTexture' name='Guijarros' creator='eTeks' width='20.0' height='20.0' image='132'/>
    <point x='98.95' y='280.54678'/>
    <point x='338.95' y='280.54678'/>
    <point x='338.95' y='400.5468'/>
    <point x='98.95' y='400.5468'/>
  </room>
  <room id='room-4e71105a-195d-4a23-a664-13ea064dc569' level='level2' areaVisible='true' ceilingVisible='false'>
    <texture attribute='floorTexture' name='osb' width='180.17595' height='120.00001' image='133'/>
    <point x='95.57503' y='281.03424'/>
    <point x='335.57504' y='281.03424'/>
    <point x='335.57504' y='401.03427'/>
    <point x='95.57503' y='401.03427'/>
  </room>
  <room id='room-21620c41-4992-4120-8dfd-0e8086158abe' level='level3' areaVisible='true' ceilingVisible='false'>
    <texture attribute='floorTexture' name='osb' width='180.17595' height='120.00001' image='133'/>
    <point x='96.16252' y='765.7843'/>
    <point x='336.16254' y='765.7843'/>
    <point x='336.16254' y='885.7843'/>
    <point x='96.16252' y='885.7843'/>
  </room>
  <room id='room-0f3aab24-4d80-4c6f-abef-410d2a4bcf11' level='level3' areaVisible='true' ceilingVisible='false'>
    <texture attribute='floorTexture' name='osb' width='180.17595' height='120.00001' image='133'/>
    <point x='95.05003' y='281.4468'/>
    <point x='335.05005' y='281.4468'/>
    <point x='335.05005' y='401.44684'/>
    <point x='95.05003' y='401.44684'/>
  </room>
  <room id='room-e749d777-8094-4fff-869a-4471116406cc' level='level2' areaVisible='true' ceilingVisible='false'>
    <texture attribute='floorTexture' name='osb' width='180.17595' height='120.00001' image='133'/>
    <point x='95.8875' y='402.20932'/>
    <point x='335.8875' y='402.20932'/>
    <point x='335.8875' y='522.20935'/>
    <point x='95.8875' y='522.20935'/>
  </room>
  <room id='room-b95906ba-487e-46ee-a514-128b5787ddb6' level='level2' areaVisible='true' ceilingVisible='false'>
    <texture attribute='floorTexture' name='osb' width='180.17595' height='120.00001' image='133'/>
    <point x='95.65001' y='521.7467'/>
    <point x='335.65002' y='521.7467'/>
    <point x='335.65002' y='641.74677'/>
    <point x='95.65001' y='641.74677'/>
  </room>
  <room id='room-05499b5a-bb1d-455b-b1ec-21c32f34bac0' level='level2' areaVisible='true' ceilingVisible='false'>
    <texture attribute='floorTexture' name='osb' width='180.17595' height='120.00001' image='133'/>
    <point x='95.83745' y='642.0093'/>
    <point x='335.83746' y='642.0093'/>
    <point x='335.83746' y='762.00934'/>
    <point x='95.83745' y='762.00934'/>
  </room>
  <room id='room-65413aaa-0169-4e96-a701-4f9f83d40a9b' level='level2' areaVisible='true' ceilingVisible='false'>
    <texture attribute='floorTexture' name='osb' width='180.17595' height='120.00001' image='133'/>
    <point x='337.71246' y='401.4468'/>
    <point x='577.71246' y='401.4468'/>
    <point x='577.71246' y='521.44684'/>
    <point x='337.71246' y='521.44684'/>
  </room>
  <room id='room-cd876a1d-4c8f-4d02-8d5e-13c7cab712cf' level='level2' areaVisible='true' ceilingVisible='false'>
    <texture attribute='floorTexture' name='osb' width='180.17595' height='120.00001' image='133'/>
    <point x='337.5251' y='521.4468'/>
    <point x='577.5251' y='521.4468'/>
    <point x='577.5251' y='641.44684'/>
    <point x='337.5251' y='641.44684'/>
  </room>
  <room id='room-bb507b06-253f-4ba6-8e58-4c8331f806ea' level='level2' areaVisible='true' ceilingVisible='false'>
    <texture attribute='floorTexture' name='osb' width='180.17595' height='120.00001' image='133'/>
    <point x='337.11243' y='642.6468'/>
    <point x='577.1125' y='642.6468'/>
    <point x='577.1125' y='762.6468'/>
    <point x='337.11243' y='762.6468'/>
  </room>
  <room id='room-e55279f7-b540-4d7e-901c-1cd71b32b76c' level='level3' areaVisible='true' ceilingVisible='false'>
    <texture attribute='floorTexture' name='osb' width='180.17595' height='120.00001' image='133'/>
    <point x='95.7' y='403.52176'/>
    <point x='335.7' y='403.52176'/>
    <point x='335.7' y='523.5218'/>
    <point x='95.7' y='523.5218'/>
  </room>
  <room id='room-f31e709f-4a49-48ce-a1b5-37b8e44de174' level='level3' areaVisible='true' ceilingVisible='false'>
    <texture attribute='floorTexture' name='osb' width='180.17595' height='120.00001' image='133'/>
    <point x='337.90002' y='404.0718'/>
    <point x='577.9' y='404.0718'/>
    <point x='577.9' y='524.07184'/>
    <point x='337.90002' y='524.07184'/>
  </room>
  <room id='room-5ff042b9-2c0c-47ad-b4fa-e86bf7148130' level='level3' areaVisible='true' ceilingVisible='false'>
    <texture attribute='floorTexture' name='osb' width='180.17595' height='120.00001' image='133'/>
    <point x='95.83751' y='525.5718'/>
    <point x='335.83752' y='525.5718'/>
    <point x='335.83752' y='645.57184'/>
    <point x='95.83751' y='645.57184'/>
  </room>
  <room id='room-cc92162f-1aca-4bc4-9e16-dea889aba508' level='level3' areaVisible='true' ceilingVisible='false'>
    <texture attribute='floorTexture' name='osb' width='180.17595' height='120.00001' image='133'/>
    <point x='337.89996' y='524.8594'/>
    <point x='577.89996' y='524.8594'/>
    <point x='577.89996' y='644.8594'/>
    <point x='337.89996' y='644.8594'/>
  </room>
  <room id='room-5f203657-9683-47e5-aa20-d67ab73689a0' level='level3' areaVisible='true' ceilingVisible='false'>
    <texture attribute='floorTexture' name='osb' width='180.17595' height='120.00001' image='133'/>
    <point x='96.175064' y='646.8468'/>
    <point x='336.17505' y='646.8468'/>
    <point x='336.17505' y='766.8468'/>
    <point x='96.175064' y='766.8468'/>
  </room>
  <room id='room-b257697f-c9c7-40a6-9cdd-bdb1df327bfd' level='level3' areaVisible='true' ceilingVisible='false'>
    <texture attribute='floorTexture' name='osb' width='180.17595' height='120.00001' image='133'/>
    <point x='337.90002' y='646.3593'/>
    <point x='577.9' y='646.3593'/>
    <point x='577.9' y='766.3594'/>
    <point x='337.90002' y='766.3594'/>
  </room>
  <room id='room-f5b6ff93-320a-4a97-b716-3ddea217aefd' level='level0' areaVisible='true' ceilingVisible='false'>
    <texture attribute='floorTexture' name='Guijarros' creator='eTeks' width='20.0' height='20.0' image='132'/>
    <point x='98.45322' y='-40.161255'/>
    <point x='398.4532' y='-40.161255'/>
    <point x='398.4532' y='259.83875'/>
    <point x='98.45322' y='259.83878'/>
  </room>
  <room id='room-155a996f-188c-4fab-be6f-47c6607eaac9' level='level0' areaVisible='true' ceilingVisible='false'>
    <texture attribute='floorTexture' name='Azulejos Rojos' creator='eTeks' catalogId='eTeks#redTiles' width='40.0' height='40.0' image='134'/>
    <point x='408.27835' y='-11.8112335'/>
    <point x='508.27838' y='-11.8112335'/>
    <point x='508.27838' y='188.18877'/>
    <point x='408.27835' y='188.18875'/>
  </room>
  <room id='room-05d74ffe-81dc-4417-9512-911f03c3c8de' level='level0' areaVisible='true' ceilingVisible='false'>
    <texture attribute='floorTexture' name='Azulejos Rojos' creator='eTeks' catalogId='eTeks#redTiles' width='40.0' height='40.0' image='134'/>
    <point x='408.27835' y='187.65126'/>
    <point x='508.27838' y='187.65126'/>
    <point x='508.27838' y='387.65128'/>
    <point x='408.27835' y='387.65125'/>
  </room>
  <room id='room-8b237775-9b29-45ea-b5b4-69198966a061' level='level0' areaVisible='true' ceilingVisible='false'>
    <texture attribute='floorTexture' name='Guijarros' creator='eTeks' width='20.0' height='20.0' image='132'/>
    <point x='70.60002' y='883.99677'/>
    <point x='369.60004' y='883.99677'/>
    <point x='369.60004' y='1033.9968'/>
    <point x='70.60002' y='1033.9968'/>
  </room>
</home>